group,gs_name,adj_p,Status,NES,padj_rna,padj_chip,numDEInCat,numInCat,leadingEdge,genes
All Differentially Bound,HALLMARK_ESTROGEN_RESPONSE_EARLY,0.014706045062585443,Neither,1.4660733183923422,0.16448283414074188,0.7746811480905923,4,148,ENSG00000100003; ENSG00000127663; ENSG00000147642; ENSG00000181788,ENSG00000100003; ENSG00000127663; ENSG00000147642; ENSG00000181788
All Differentially Bound,REACTOME_BIOLOGICAL_OXIDATIONS,0.021280627788549493,Neither,1.4622775048670649,0.24708499962626684,0.8594149853489568,3,36,ENSG00000109814; ENSG00000166743; ENSG00000106546,ENSG00000109814; ENSG00000166743; ENSG00000106546
All Increased ER,REACTOME_BIOLOGICAL_OXIDATIONS,0.013561472644357699,Neither,1.4622775048670649,0.24708499962626684,0.9154890097652095,3,36,ENSG00000109814; ENSG00000166743; ENSG00000106546,ENSG00000109814; ENSG00000166743; ENSG00000106546
All Increased ER,HALLMARK_ESTROGEN_RESPONSE_EARLY,0.013561472644357699,Neither,1.4660733183923422,0.16448283414074188,0.9154890097652095,4,148,ENSG00000100003; ENSG00000127663; ENSG00000147642; ENSG00000181788,ENSG00000100003; ENSG00000127663; ENSG00000147642; ENSG00000181788
