group,gs_name,adj_p,Status,NES,padj_rna,padj_chip,numDEInCat,numInCat,leadingEdge,genes
All Differentially Bound,REACTOME_BIOLOGICAL_OXIDATIONS,0.0174298235705644,Neither,1.4755857052987107,0.21600502801097268,0.9441417751926149,3,36,ENSG00000109814; ENSG00000166743; ENSG00000106546,ENSG00000109814; ENSG00000166743; ENSG00000106546
All Differentially Bound,HALLMARK_ESTROGEN_RESPONSE_EARLY,0.0174298235705644,Neither,1.4524416304049863,0.12345478699882624,0.9441417751926149,4,148,ENSG00000100003; ENSG00000127663; ENSG00000147642; ENSG00000181788,ENSG00000100003; ENSG00000127663; ENSG00000147642; ENSG00000181788
All Increased ER,REACTOME_BIOLOGICAL_OXIDATIONS,0.0174298235705644,Neither,1.4755857052987107,0.21600502801097268,0.9441417751926149,3,36,ENSG00000109814; ENSG00000166743; ENSG00000106546,ENSG00000109814; ENSG00000166743; ENSG00000106546
All Increased ER,HALLMARK_ESTROGEN_RESPONSE_EARLY,0.0174298235705644,Neither,1.4524416304049863,0.12345478699882624,0.9441417751926149,4,148,ENSG00000100003; ENSG00000127663; ENSG00000147642; ENSG00000181788,ENSG00000100003; ENSG00000127663; ENSG00000147642; ENSG00000181788
